Keyword Stats 2025-09-19 at 07_39_39,,
"September 1, 2024 - August 31, 2025",,
Keyword,Avg. monthly searches,Searches: Aug 2025
amazon fba calculator,4400,6600
amazon seller calculator,1600,1900
amazon seller commission calculator,140,140
amazon calculator,4400,6600
fba calculator,2400,2900
amazon sales estimator,260,210
amazon revenue calculator,5400,6600
amazon profit calculator,1900,2900
jungle scout sales estimator,320,170
fba revenue calculator,880,720
amazon fee calculator,880,880
free amazon sales estimator,50,30
jungle scout estimator,50,40
amazon selling fees calculator,880,720
jungle scout amazon sales estimator,30,40
fulfillment by amazon revenue calculator,10,10
amazon fba fees calculator,170,110
fba fee calculator,170,170
amazon fba revenue calculator,210,170
amazon fba profit calculator,50,30
amazon seller profit calculator,260,210
amazon sales calculator,1600,1900
amzscout sales estimator,30,30
amazon ppc cost calculator,10,0
amzscout fba calculator,20,10
amazon fba calculator extension,20,20
amazon sales rank calculator,20,10
amazon cost calculator,260,260
amazon seller revenue calculator,70,90
best amazon fba calculator,10,20
amazon scout sales estimator,10,10
amazon fba cost calculator,170,110
amazon estimator,10,10
amazon scout fba calculator,20,10
fba profit calculator,40,20
amazon fulfillment calculator,50,30
amazon bsr calculator,30,30
amazon seller price calculator,320,390
amazon sales estimator jungle scout,10,10
amazon price calculator,1600,1600
amazon seller cost calculator,170,170
amazon seller central calculator,40,50
fba cost calculator,20,20
jungle scout free sales estimator,20,10
jungle scout calculator,50,40
amazon profit calculator app,110,260
amazon fba calculator free by amzscout,10,10
amazon free sales estimator,10,10
seller central calculator,10,10
amazon seller fba calculator,30,50
amazon tax calculator,40,30
free sales estimator amazon,10,10
jungle scout free amazon sales estimator,10,10
amazon sale estimator,10,10
amazon sales estimator by asin,20,20
amazon ppc calculator,10,0
jungle scout fba calculator,10,10
amazon fee calculator 2022,0,0
amazon monthly sales estimator,10,10
amazon shipping calculator,170,210
amazon fba calculator chrome extension,10,10
amazon rank calculator,10,10
amazon seller calculator profit,20,30
fba sales estimator,10,10
jungle scout estimator free,10,10
fba calculator extension,20,10
amazon shipping cost calculator,140,140
amazon seller rank calculator,10,10
amazon best seller rank calculator,10,10
amazon product sales estimator,10,10
amazon best sellers rank calculator,10,10
amazon asin sales estimator,10,10
amazon fba price calculator,170,110
amazon product calculator,110,140
amazon sell estimator,10,0
seller central revenue calculator,10,10
best amazon sales estimator,10,10
amazon fulfillment cost calculator,10,10
amazon product profit calculator,50,70
fba revenue calculator amazon seller central,10,10
fba price calculator,20,20
amazon fulfillment fees calculator,10,10
amazon seller estimate,10,10
free amazon estimator,10,0
free amazon fba calculator,70,90
free jungle scout sales estimator,10,10
amazon roi calculator,10,10
amazon fba shipping cost calculator,10,10
amazon margin calculator,170,140
amazon fba calculator free,70,90
free amazon sales estimator jungle scout,10,10
amazon fbm shipping calculator,10,0
calculator amazon seller,20,10
asin sales estimator,10,10
amazon seller estimator,10,10
roi calculator amazon fba,10,10
amazon seller central profit calculator,10,10
most accurate amazon sales estimator,10,0
jungle scout sales estimator free,10,10
amazon sales rank estimator,10,0
jungle scout amazon sales estimator free,10,0
amazon fba shipping calculator,10,10
fba calculator for amazon sellers,10,10
amazon sales tax calculator,10,10
fba calculator for amazon sellers sellerapp,10,0
amazon seller shipping calculator,20,20
helium 10 profitability calculator,10,10
amazon commission calculator,880,880
amazon seller central revenue calculator,20,20
amazon fba roi calculator,10,0
amazon fba profit margin calculator,10,10
free amazon profit calculator,10,0
estimate your amazon sales margin,10,10
amazon fba calculator seller central,10,10
seller central fba calculator,10,10
fba shipping calculator,10,10
bsr amazon calculator,10,10
amazon fba storage fees calculator,10,10
kitna milega amazon,720,720
amazon scout calculator,10,10
sales estimator amazon free,10,0
calculate amazon selling fees,10,10
amazon fba estimator,4400,6600
amazon fba sales estimator,10,10
free fba calculator,10,0
revenue amazon calculator,5400,6600
fba shipping cost calculator,10,10
amazon selling price calculator excel,140,170
kitna milega calculator,1900,1600
calculate amazon profit,1900,2900
amazon referral fee calculator,90,70
amazon scout fba calculator chrome extension,10,0
amazon seller central fba calculator,10,40
amazon storage fee calculator,10,10
amazon profit margin calculator,30,10
fba estimator,2400,2900
seller amazon calculator,1600,1900
amazon fba rate card,10,0
fba seller calculator,10,10
amazon com fba calculator,50,70
amazon product revenue calculator,10,20
best seller rank amazon calculator,10,10
amazon selling profit calculator,20,20
amazon sales volume estimator,10,0
amazon fba scout calculator,10,0
amazon revenue estimator,10,10
amazon fba calculator app,10,10
amazon scout estimator,10,10
jungle scout profit calculator,10,10
amazon fba sales calculator,10,0
amazon fee estimator,10,10
amazon multi channel fulfillment fees calculator,10,0
amazon cost calculator fba,10,0
calculate amazon sales,10,0
amazon canada fba calculator,10,20
amazon estimate sales,30,20
sales rank amazon calculator,10,10
amazon profit estimator,10,0
amazon seller calculator usa,10,10
estimated sales amazon,10,0
fba cal,10,10
amazon bsr sales estimator,10,10
jungle sales estimator,10,10
jungle scout monthly sales estimator,10,0
fba fulfillment fee calculator,10,10
amazon seller margin calculator,50,40
amazon ranking sales estimator,10,10
amazon dropshipping calculator,10,10
how much do you have to pay amazon to sell,10,10
amazon seller central fee calculator,30,30
fulfillment fees amazon,110,110
amazon seller central price calculator,20,20
amazon pick and pack fee calculator,10,0
sales estimator for amazon,10,10
amazon seller product calculator,30,30
amazon product sales calculator,10,10
jungle scout rank estimator,10,0
amazon profit calculator extension,10,0
amazon small and light fee calculator,0,0
free amazon revenue calculator,10,0
digicommerce amazon calculator,20,10
how much do you have to pay for prime video,10,10
amazon freight calculator,10,10
estimator jungle scout,50,40
estimated amazon sales,30,20
amazon fbm fees calculator,10,10
profit calculator amazon fba,10,0
seller central profit calculator,10,10
estimate amazon fba fees,170,110
amazon shipping calculator fbm,10,0
fba fulfillment fees calculator,10,10
amazon jungle scout estimator,10,0
amazon calculator for seller,210,210
amazon business calculator,20,20
amazon fba seller fees calculator,10,10
amazon calculator fbm,10,20
amazon product price calculator,110,140
fbm calculator,20,20
amazon free calculator,10,10
amazon ae fba calculator,10,10
amazon product cost calculator,30,20
sellerapp fba calculator,10,10
amazon canada sales estimator,10,0
helium 10 fba calculator,10,10
viral launch fba calculator,10,0
fulfillment by amazon cost calculator,10,10
jungle scout price estimator,10,0
profit guru amazon fba calculator,10,0
free amazon jungle scout estimator,10,0
amazon seller pricing calculator,320,390
amazon fba niche finder,10,0
sell on amazon profit calculator,10,10
amz calculator chrome extension,10,10
amazon mcf calculator,10,0
kitna milega calculator amazon,110,170
calculator for amazon seller,10,10
amazon seller product price calculator,10,10
amazon price calculator usa,10,10
roi amazon calculator,10,10
amazon sales predictor,10,10
jungle scout amazon calculator,10,0
calculate profit amazon fba,10,0
fba fee estimator,20,20
amazon best seller calculator,10,10
amazon estimate calculator,10,10
amazon estimator calculator,10,0
jungle scout sales calculator,10,0
fba charges calculator,20,10
amazon storage cost calculator,10,10
fulfillment calculator,10,10
amzscout free sales estimator,10,10
sellercentral calculator,10,0
amazon fba free calculator,10,10
jungle scout amazon fba calculator,0,0
amazon fba revenue calculator ae,10,0
fba calculator for amazon chrome extension,10,10
amazon estimator sales,0,0
free amazon calculator,10,0
amazon fba product calculator,10,10
amazon canada seller fees calculator,10,10
seller central amazon fba calculator,10,10
amazon dropshipping profit calculator,10,10
fulfillment amazon revenue calculator,10,0
amazon us fba calculator,260,210
amazon jungle scout sales estimator,10,10
amazon fba calculator jungle scout,10,0
bsr sales estimator,10,0
revenue fba calculator,10,10
jungle scout free calculator,10,0
how much do you have to pay for amazon prime,10,10
estimator amazon,0,0
fbm amazon calculator,10,0
amazon best seller rank sales calculator,10,0
amazon acos calculator,10,10
amazon fba calculator com,10,10
amazon fba cal,10,10
roi calculator amazon,10,10
profit guru fba calculator,10,0
amazon fulfilment cost calculator,10,10
jungle scout sale estimator,0,0
gst calculator amazon,20,20
amazon fba fulfillment calculator,10,0
amazon fba calculator seller app,10,0
amazon seller account calculator,10,20
calculate amazon shipping costs,10,10
amazon fba excel calculator,10,10
fba calculator chrome extension,20,10
amazon seller charges calculator,70,90
bsr calculator amazon,30,30
amazon arbitrage calculator,10,10
amazon product sell calculator,20,10
amazon scout calculator extension,10,0
fba storage fees calculator,10,10
estimate amazon sales by rank,10,0
amazon revenue calculator extension,10,10
amazon scout fba calculator extension,10,10
amazon shipping price calculator,20,20
profit margin calculator amazon,10,10
amazon shipping fee calculator,70,50
amazon estimated sales calculator,10,0
amazon price calculator for seller,40,70
amazon resell calculator,0,0
amazon cost estimator,1600,1600
amazonfbacalculator,4400,6600
profit calculator for amazon,10,10
amazon bsr sales calculator,10,10
amazon com seller fees calculator,10,10
chrome extension amazon fba calculator,10,0
amazon calculator seller fees,10,10
amazon fba calculator excel,10,10
amazon free estimator,0,0
best amazon profit calculator,10,0
amazon sa fba calculator,10,0
revenue calculator amazon fba,10,20
free amazon fba chrome extension,0,0
amazon fba charges calculator,20,20
sellerboard amazon fba profit calculator,10,0
amazon tax rate calculator,10,0
jungle scout estimator sales,320,170
kitna milega fba calculator,10,10
estimated fee per unit sold amazon,10,0
amazon de fba calculator,10,10
amazon shipping charges calculator,170,170
fba sales calculator,10,10
casio fx 991ex amazon,20,30
fbm fee calculator,0,0
amazon seller calculator online,10,10
amazon seller central cost calculator,10,10
amazon bsr to sales calculator,10,10
fba fulfillment calculator,10,0
fba calculator free extension,0,0
amazon fba margin calculator,10,10
amazon revenue calculator chrome extension,10,0
fulfillment fee calculator,10,0
jungle scout revenue calculator,10,10
seller central fee calculator,10,10
calculate amazon storage fees,10,10
amazon shipping calculator seller,10,10
amazon fulfillment price calculator,10,10
amazon payout calculator,10,30
amazon review calculator,30,40
fba roi calculator,10,0
fba seller fees calculator,10,0
amazon seller fulfillment calculator,10,10
seller central amazon profitability calculator,10,10
jungle scout rank calculator,10,0
amazon price calculator seller,10,0
amazon fba calculator ae,10,0
amazon sales profit calculator,10,10
calculate shipping cost amazon fba,10,0
seller fees calculator amazon,10,10
google fba calculator,10,0
amazon rate calculator,170,210
amazon fba price checker,10,10
amazon fba fee calculator excel,10,10
amazon rank estimator,10,0
amazon ca fba calculator,10,20
amazon bsr estimator,10,0
amazon fba calculator online,10,10
amazon com revenue calculator,50,50
seller central cost calculator,10,10
amazon gst calculator,20,10
amazon fulfillment profit calculator,10,0
amazon fees calculator for seller,10,10
fba shipping fee calculator,10,0
amazon commission fee calculator,20,20
fba revenue,10,10
amazon fba storage calculator,10,0
amazon fba cost estimator,10,10
amazon pricing calculator for seller,40,70
kitna milega calculator for amazon,50,10
amazon fee calculator fbm,10,0
fba profit calculator extension,0,0
estimate amazon shipping cost,140,140
amazon selling price calculator excel download,10,10
amazon seller vat calculation,10,0
calculate profit on amazon,10,10
amazon seller commission chart,10,10
fba amazon cost calculator,10,0
amazon revenue calculator sa,10,0
amazon profit calculator fbm,10,10
casio fx cg50 amazon,10,10
profitability calculator helium 10,10,0
fba free calculator,10,10
amazon seller fba fee calculator,10,10
fba cost estimator,20,20
sell on amazon price calculator,10,0
calculate fba fees amazon,10,0
amazon fba calculator free by amzscout extension,10,0
amazon price calculator excel,10,10
amazon sales fee calculator,170,170
amazon seller central shipping calculator,10,10
amazon handmade fee calculator,10,0
amazon fba small and light calculator,0,0
fba revenue calculator extension,10,0
amazon small and light calculator,0,0
amazon in fba calculator,20,20
amazon monthly sales calculator,10,0
fba scout calculator,10,0
profit calculator fba,10,10
best seller rank calculator,10,0
amazon fba revenue,10,0
amazon revenue calculator fba,10,10
amazon seller fee estimator,10,0
jungle scout estimate,10,0
jungle scout bsr calculator,10,0
amazon profit calculator excel,10,10
fba margin calculator,10,10
amazon charges calculator,140,90
acos amazon calculator,10,10
acos calculator amazon,10,10
amazon ae calculator,10,10
amazon ae fee calculator,10,0
amazon ae revenue calculator,10,0
amazon asin calculator,50,110
amazon asin fba calculator,10,10
amazon best seller ranking calculation,0,0
amazon bestseller ranking calculation,0,0
amazon bmi calculator,10,10
amazon calculator digicommerce,10,0
amazon calculator excel,10,10
amazon calculator free,10,10
amazon calculator online,10,10
amazon calculator sales,10,0
amazon calculator seller central,0,0
amazon canada fba fee calculator,10,0
amazon casio classwiz,10,0
amazon casio fx 83gt plus,10,0
amazon casio fx 991ex,10,10
amazon casio fx cg50,10,10
amazon central calculator,10,10
amazon charges for seller calculator,20,10
amazon classwiz calculator,10,0
amazon com fee calculator,20,10
amazon com fees calculator,10,10
amazon com profit calculator,10,10
amazon commission on product selling & profit calculation,10,0
amazon cost calculator usa,10,0
amazon cubic feet calculator,10,10
amazon de fee calculator,10,10
amazon delivery calculator,10,20
amazon delivery cost calculator,10,10
amazon delivery time calculator,10,10
amazon delivery time estimate,10,10
amazon dimensional weight,10,0
amazon dimensional weight calculator,10,10
amazon discount calculator,10,10
amazon earnings calculator,10,10
amazon easy ship calculator,110,170
amazon easy ship charges calculator,30,30
amazon easy ship fee calculator,170,170
amazon easyship calculator,20,40
amazon efn calculator,0,0
amazon emi calculator,140,90
amazon estimate,10,10
amazon estimated fee per unit sold,0,0
amazon estimated sale,30,20
amazon estimated tax,10,0
amazon expense calculator,30,10
amazon expenses calculator,10,0
amazon fba calculator chrome,10,10
amazon fba calculator chrome extension free,10,0
amazon fba calculator download,10,10
amazon fba calculator extension free,10,0
amazon fba calculator free by amzscout chrome extension,10,0
amazon fba calculator kitna milega,10,0
amazon fba calculator not working,10,0
amazon fba calculator old version,0,0
amazon fba calculator tool,10,10
amazon fba dimensional weight,10,10
amazon fba fee calculator 2021,0,0
amazon fba fee calculator 2022,0,0
amazon fba fee calculator app,10,0
amazon fba fee calculator chrome extension,10,0
amazon fba fee estimator,10,0
amazon fba kitna milega,10,0
amazon fba profit calculator extension,10,0
amazon fba sales rank estimator,,
amazon fba shipping estimate,,
amazon fba us calculator,10,10
amazon fba wholesale calculator,10,0
amazon fee calculation,880,720
amazon fee calculator 2020,10,10
amazon fee calculator 2021,0,0
amazon fee calculator app,10,0
amazon fee calculator chrome extension,10,10
amazon fee calculator excel,10,10
amazon fee calculator extension,0,0
amazon fee preview calculator,0,0
amazon final fee calculator,10,0
amazon free delivery calculator,10,0
amazon free shipping calculator,0,0
amazon fulfilment fee calculator,10,10
amazon fx 991ex,20,30
amazon fx cg50,10,0
amazon global selling fees calculator,70,50
amazon hp12c,10,10
amazon import fees calculator,10,10
amazon in calculator,260,210
amazon in profit calculator,10,10
amazon income calculator,10,10
amazon ipi score calculation,0,0
amazon kitna milega calculator,110,110
amazon listing calculator,10,30
amazon listing fee calculator,10,10
amazon marketplace calculator,10,10
amazon merch calculator,10,0
amazon merchant fulfilled calculator,10,0
amazon monthly calculator,10,0
amazon monthly storage fee calculator,10,0
amazon net profit calculator,10,10
amazon online calculator,10,10
amazon percentage calculator,10,10
amazon ppc estimator,0,0
amazon price estimate,10,10
amazon price estimator,1600,1600
amazon prime fee calculator,10,0
amazon prime seller calculator,10,0
amazon prime shipping calculator,10,10
amazon product fee calculator,10,10
amazon product weight calculator,10,10
amazon profit calculator chrome extension,10,0
amazon profit finder,10,0
amazon profit margin on sales,0,0
amazon rank to sales estimator,0,0
amazon rating calculator,30,30
amazon review rating calculator,10,10
amazon sale price calculator,320,390
amazon sales velocity calculator,10,0
amazon seller app fba calculator,0,0
amazon seller calculate profit,0,0
amazon seller central fba fee calculator,10,0
amazon seller central profitability calculator,10,0
amazon seller fee percentage,10,10
amazon seller gst calculation,30,30
amazon seller kitna milega,10,10
amazon seller rate calculator,10,10
amazon seller rate card,30,20
amazon seller rating calculation,10,10
amazon service calculator,10,0
amazon settlement calculator,50,50
amazon shares calculator,10,10
amazon shipping estimate,10,10
amazon shipping rate calculator,140,140
amazon shipping tax calculator,10,0
amazon shipping time calculator,10,20
amazon shipping weight calculator,10,10
amazon sip calculator,10,10
amazon size tier calculator,10,0
amazon smile calculator,0,0
amazon solver,10,10
amazon star rating calculator,10,10
amazon stock profit calculator,10,0
amazon texas instrument calculator,10,10
amazon ti30xa,10,0
amazon ti30xs,10,10
amazon ti36x pro,10,10
amazon total price calculator,10,50
amazon us fba fee calculator,10,0
amazon vine tax calculator,10,0
amazon volumetric weight calculator,50,50
amazon weight calculator,30,30
amzscout net sales estimator,10,10
amzscout profit calculator,10,10
best fba calculator,10,0
bmi calculator amazon,10,10
bsr calculator jungle scout,0,0
bsr rank amazon calculator,10,0
bsr rank calculator,10,10
bsr sales calculator,20,10
calc amazon,4400,6600
calculate acos amazon,10,0
calculate amazon sales tax,0,0
calculate profit amazon seller central,10,10
calculate shipping to amazon fba,0,0
calculate with confidence amazon,0,0
calculator amazon price,40,70
calculator bsr amazon,0,0
casio 991ex amazon,10,10
casio calculator fx 82ms amazon,10,10
casio calculator fx 991ex amazon,10,10
casio classwiz fx 991ex amazon,10,10
casio fx 5800p amazon,10,0
casio fx 82 amazon,10,0
casio fx 83gt plus amazon,10,0
casio fx 991ms amazon,10,20
cheating calculator amazon,70,10
chrome extension fba calculator,10,0
chrome fba calculator,10,0
commission calculator amazon,10,10
dimensional weight amazon,10,0
dimensional weight calculator amazon,10,10
easy ship fee amazon,10,10
easyship calculator amazon,10,10
ebay amazon fee calculator,0,0
emi calculator amazon,30,20
estimate fba fees calculator,0,0
estimated tax amazon,50,10
fba calculator ae,10,0
fba calculator amazon com,50,70
fba calculator app,10,10
fba calculator ca,10,0
fba calculator chrome,10,0
fba calculator com,10,10
fba calculator download,10,0
fba calculator excel,10,0
fba calculator extension chrome,10,0
fba calculator for amazon extension,20,20
fba calculator google chrome extension,0,0
fba calculator jungle scout,10,0
fba calculator old version,10,0
fba calculator seller app,10,0
fba calculator tool,10,0
fba dimensional weight,10,0
fba fee calculation,20,20
fba fee calculator chrome extension,0,0
fba fee calculator extension,10,0
fba kitna milega,10,10
fba kitna milega calculator,10,10
fba pick & pack fee calculator,0,0
fba product calculator,10,10
fba rank calculator,10,0
fba rate calculator,30,50
fba referral fee calculator,10,0
fba revenue calculator chrome extension,0,0
fba revenue calculator com,10,0
fba revenue calculator new version,0,0
fba revenue calculator old version,,
fba revenue calculator seller central,10,0
fba sales rank calculator,10,0
fba small and light calculator,0,0
fba storage calculator,10,0
fba toolkit calculator,10,0
fba wholesale calculator,10,0
fbarevenuecalculator,0,0
fbm profit calculator,10,0
fbm revenue calculator,10,10
fee amazon calculator,10,0
fees calculator amazon,880,880
flipkart fba calculator,110,140
flipkart profit calculator,480,590
free amazon fee calculator,10,0
free estimator jungle scout,0,0
fulfillment calculator amazon,50,30
fulfillment revenue calculator,10,0
fulfilment fee amazon,10,0
fx 991ex amazon,20,30
fx cg50 amazon,10,10
graph calculator amazon,20,20
helium 10 profit calculator,10,10
how much commission does amazon pay affiliates,20,10
how much do i have to pay for amazon prime,10,10
how much do u have to pay for amazon prime,10,0
how much do we have to pay for amazon prime,10,10
how much do you have to pay for amazon music,10,0
how much i have to pay for amazon prime,10,10
how much we have to pay for amazon prime,10,20
jobber 6 calculator amazon,10,10
jungle scout fba profit calculator,10,0
jungle scout product sales estimator,10,10
jungle scout profit estimator,10,0
jungle scout sales estimate,10,10
jungle scout sales estimator accuracy,10,0
jungle scout sales rank calculator,10,0
kitna milega amazon calculator,50,40
kitna milega amazon fba,10,10
kitna milega amazon in,10,10
kitna milega by amazon,10,0
kitna milega calculator amazon in,10,0
kitna milega fba,10,10
kitna milega fulfilment by amazon,10,10
kitna milega fulfilment by amazon profitability calculator,20,10
kitna milega on amazon,10,10
kitna milega profitability calculator,10,0
merch by amazon bsr calculator,0,0
new fba calculator,10,0
orpat calculator amazon,10,10
rank calculator amazon,10,10
referral fee calculator amazon,10,20
retail arbitrage calculator,0,0
revenue calculator amazon in,10,10
run amzscout calculator,10,0
sales estimator amzscout,10,0
sales rank calculator amazon,20,10
sales tax calculator amazon,10,0
seller board fba calculator,0,0
seller central profitability calculator,10,10
seller rank calculator,10,0
seller revenue calculator,10,10
sellerapp fba calculator extension,10,10
sellercentral amazon com fba calculator,10,0
selling price calculator amazon,10,10
shipping charges amazon seller,30,30
shipping fees amazon seller,10,10
shipping to amazon cost by weight,0,0
solver amazon,10,0
t184 calculator amazon,0,0
talking calculator amazon,10,0
tax rate on amazon,30,40
volumetric weight calculator amazon,20,10
weight calculator amazon,10,10
zally amazon fba calculator,10,0
how much i have to pay to amazon,,